{
    "enemiesData": [
        {
            "position": {
                "x": 0.835345983505249,
                "y": 1.2863191366195679,
                "z": 0.0
            },
            "rotation": 147.0,
            "hp": 5.0,
            "typeIndex": 0
        }
    ],
    "coinsCount": 0,
    "killsCount": 0,
    "currentGameSpeed": 1.0210001468658448,
    "towerHP": 100,
    "trunkHP": 200,
    "trunkRotation": 0.0,
    "trunkPosition": {
        "x": 1.399999976158142,
        "y": 0.0,
        "z": 0.0
    },
    "trunkSpeed": 0.0,
    "soundVolume": 0.25,
    "showLearning": false,
    "chargePercent": 0.7697497606277466,
    "potions": [],
    "potionZones": [],
    "UpgradeLevels": [
        0,
        0,
        0,
        0,
        0,
        0
    ]
}